Generation, Population Size, Average Generation Fitness, Generation Time (ms), Solution Found
0, 500, 31.495154, 295, 0
1, 500, 27.660718, 301, 0
2, 500, 25.111207, 300, 0
3, 500, 24.846702, 313, 0
4, 500, 24.952218, 319, 0
5, 500, 23.829514, 255, 0
6, 501, 20.934221, 225, 0
7, 502, 19.960110, 215, 0
8, 503, 17.104211, 204, 0
9, 503, 16.731304, 224, 0
10, 504, 17.728103, 229, 0
11, 504, 14.595056, , 1
