Generation, Population Size, Average Generation Fitness, Generation Time (ms), Solution Found
0, 500, 0.000000, 391, 0
1, 500, 0.000000, 492, 0
2, 501, 0.000001, 444, 0
3, 502, 0.000001, 465, 0
4, 502, 0.000001, 394, 0
5, 503, 0.000001, 250, 0
6, 504, 0.000001, 327, 0
7, 504, 0.000001, , 1
