Generation, Population Size, Average Generation Fitness, Generation Time (ms), Solution Found
0, 500, 0.000000, 471, 0
1, 500, 0.000000, 412, 0
2, 501, 0.000000, 594, 0
3, 501, 0.000000, 376, 0
4, 502, 0.000000, 447, 0
5, 503, 0.000000, 481, 0
6, 503, 0.000000, 502, 0
7, 503, 0.000000, 490, 0
8, 503, 0.000000, 415, 0
9, 503, 0.000000, 337, 0
10, 503, 0.000000, 454, 0
11, 503, 0.000000, 388, 0
12, 503, 0.000000, 396, 0
13, 503, 0.000000, 361, 0
14, 503, 0.000000, , 1
