Generation, Population Size, Average Generation Fitness, Generation Time (ms), Solution Found, Average Choosiness
0, 500, 0.241826, 399, 0, 0.000000
1, 500, 0.541673, 392, 0, 0.000000
2, 500, 0.495584, 369, 0, 0.000000
3, 501, 0.405912, 346, 0, 0.000000
4, 502, 0.334442, 375, 0, 0.000000
5, 502, 0.419849, 320, 0, 0.000000
6, 503, 0.419244, 326, 0, 0.000000
7, 504, 0.409933, 327, 0, 0.000000
8, 505, 0.357358, 312, 0, 0.000000
9, 505, 0.392573, , 1, 0.000000
