Generation, Population Size, Average Generation Fitness, Generation Time (ms), Solution Found
0, 500, 0.472533, 487, 0
1, 500, 0.670831, 407, 0
2, 500, 0.542654, 526, 0
3, 501, 0.458986, 482, 0
4, 501, 0.431113, 487, 0
5, 502, 0.434963, 421, 0
6, 502, 0.314530, 445, 0
7, 503, 0.289942, 346, 0
8, 504, 0.327072, , 1
