Generation, Population Size, Average Generation Fitness, Generation Time (ms), Solution Found
0, 500, 33.443718, 402, 0
1, 500, 31.968836, 484, 0
2, 501, 30.036041, 351, 0
3, 501, 29.646228, 292, 0
4, 502, 28.092244, 262, 0
5, 502, 26.750268, 212, 0
6, 503, 25.716401, 237, 0
7, 503, 23.600093, 200, 0
8, 504, 22.819944, 299, 0
9, 505, 21.260258, 219, 0
10, 505, 21.119191, 275, 0
11, 505, 20.321564, 266, 0
12, 505, 20.417194, 255, 0
13, 505, 20.907049, 339, 0
14, 506, 20.217474, , 1
