Generation, Population Size, Average Generation Fitness, Generation Time (ms), Solution Found
0, 500, 0.000000, 345, 0
1, 500, 0.000000, 424, 0
2, 500, 0.000000, 442, 0
3, 501, 0.000000, 492, 0
4, 502, 0.000000, 355, 0
5, 503, 0.000000, 255, 0
6, 504, 0.000000, , 1
