Generation, Population Size, Average Generation Fitness, Generation Time (ms), Solution Found
0, 500, 0.000000, 335, 0
1, 500, 0.000001, 338, 0
2, 500, 0.000001, 341, 0
3, 501, 0.000001, 333, 0
4, 501, 0.000000, 250, 0
5, 501, 0.000000, 235, 0
6, 502, 0.000001, 255, 0
7, 502, 0.000001, 225, 0
8, 503, 0.000001, 252, 0
9, 504, 0.000001, , 1
