Generation, Population Size, Average Generation Fitness, Generation Time (ms), Solution Found
0, 500, 29.561772, 373, 0
1, 500, 22.103984, 483, 0
2, 500, 18.927351, 448, 0
3, 500, 16.400096, 510, 0
4, 500, 15.908194, 482, 0
5, 500, 14.378533, 477, 0
6, 501, 14.691019, 463, 0
7, 502, 15.564789, 415, 0
8, 503, 15.390442, 505, 0
9, 503, 15.574457, 482, 0
10, 503, 16.264266, 589, 0
11, 503, 16.199380, , 1
