Generation, Population Size, Average Generation Fitness, Generation Time (ms), Solution Found
0, 500, 0.364738, 338, 0
1, 500, 0.640281, 358, 0
2, 500, 0.586368, 349, 0
3, 500, 0.580759, 312, 0
4, 500, 0.523598, 282, 0
5, 500, 0.603214, 310, 0
6, 500, 0.546783, 400, 0
7, 501, 0.447218, 351, 0
8, 501, 0.339025, 386, 0
9, 501, 0.238176, 392, 0
10, 502, 0.211928, , 1
