Generation, Population Size, Average Generation Fitness, Generation Time (ms), Solution Found
0, 500, 27.230417, 316, 0
1, 501, 23.086500, 319, 0
2, 501, 22.603286, 288, 0
3, 501, 22.519265, 251, 0
4, 502, 23.452492, 201, 0
5, 502, 22.532267, 188, 0
6, 502, 20.412806, 193, 0
7, 502, 17.787059, 196, 0
8, 503, 16.084686, 205, 0
9, 503, 14.728950, 219, 0
10, 503, 13.662615, , 1
