Generation, Population Size, Average Generation Fitness, Generation Time (ms), Solution Found
0, 500, 0.000000, 388, 0
1, 500, 0.000000, 503, 0
2, 500, 0.000000, 507, 0
3, 501, 0.000000, 497, 0
4, 502, 0.000001, 548, 0
5, 502, 0.000000, 495, 0
6, 503, 0.000000, 520, 0
7, 504, 0.000000, 700, 0
8, 505, 0.000000, 513, 0
9, 505, 0.000000, , 1
