Generation, Population Size, Average Generation Fitness, Generation Time (ms), Solution Found
0, 500, 0.474811, 523, 0
1, 501, 0.708054, 519, 0
2, 502, 0.587959, 716, 0
3, 503, 0.359267, 783, 0
4, 504, 0.199023, 756, 0
5, 505, 0.176001, 824, 0
6, 506, 0.136072, 833, 0
7, 507, 0.133028, 868, 0
8, 507, 0.151586, 711, 0
9, 508, 0.168400, 778, 0
10, 509, 0.169945, 708, 0
11, 509, 0.207203, 867, 0
12, 509, 0.147800, 773, 0
13, 509, 0.122164, , 1
