Generation, Population Size, Average Generation Fitness, Generation Time (ms), Solution Found
0, 500, 0.000000, 445, 0
1, 501, 0.000000, 411, 0
2, 501, 0.000000, 521, 0
3, 502, 0.000000, 420, 0
4, 503, 0.000000, 361, 0
5, 503, 0.000000, 361, 0
6, 503, 0.000000, 360, 0
7, 504, 0.000000, , 1
